Year, ExpectedPop, ProjectedPop, Residual
0,63705.03,63429.301,275.729
1,63705.03,63429.301,275.729
2,63705.03,63429.301,275.729
3,63705.03,63429.301,275.729
4,63705.03,63429.301,275.729
5,64087.123,63807.626,279.497
6,64510.969,64323.7742166,187.194783416
7,64937.575,64809.8846873,127.690312711
8,65386.324,65290.2108409,96.1131590733
9,65824.545,65723.0165709,101.528429079
10,66266.129,66174.5036671,91.6253328501
